date,headline
2 hours ago,"Alphabet (NASDAQ:GOOG) Stock Price Expected to Rise, Morgan Stanley Analyst Says"
2 hours ago,How to Take Advantage of moves in (GOOG) (GOOG:CA)
2 hours ago,A Guide to The Google (Alphabet) Stock Split
3 hours ago,Alphabet Stock (GOOGL) Hovers as Hackers ‘Steal’ Data from Google Execs’ Oracle Accounts
5 hours ago,"Waymo Extends New York Testing, Strengthening GOOG's Self-Driving Ambitions"
6 hours ago,3 Red-Hot Growth Stocks to Buy in 2025
7 hours ago,Alphabet Inc. $GOOG Shares Sold by HB Wealth Management LLC
7 hours ago,Pennsylvania Capital Management Inc. ADV Cuts Stock Position in Alphabet Inc. $GOOG
7 hours ago,Alphabet Inc. $GOOG Shares Acquired by Trivium Point Advisory LLC
7 hours ago,Alphabet Inc. $GOOG Shares Purchased by Chicago Capital LLC
